code,name
000001,上证指数
399001,深证成指
899050,北证50
399006,创业板指
000680,科创综指
000688,科创50
399330,深证100
000300,沪深300
000016,上证50
399673,创业板50
000888,上证综合全收益
399750,深主板50
930050,中证A50
000903,中证A100
000510,中证A500
000904,中证200
000905,中证500
000906,中证800
000852,中证1000
932000,中证2000
000985,中证全指
000010,上证180
000009,上证380
000132,上证100
000133,上证150
000003,Ｂ股指数
000012,国债指数
000013,企债指数
000011,基金指数
399002,深成指R
399850,深证50
399005,中小100
399003,成份Ｂ指
399106,深证综指
399004,深证100R
399007,深证300
399008,中小300
399293,创业大盘
399019,创业200
399020,创业小盘
399100,新指数
399550,央视50
000071,材料等权
000819,有色金属
000811,细分有色
000823,800有色
000909,300材料
000692,科创新能
000033,上证材料
000026,180资源
000066,上证商品
000122,农业主题
000094,上证上游
000092,资源50
000145,优势资源
000068,上证资源
000929,800材料
000987,全指材料
000944,内地资源
000979,大宗商品
000961,中证上游
000949,中证农业
000813,细分化工
000908,300能源
000160,沪新丝路
000805,A股资源
000032,上证能源
000102,沪投资品
000854,500原料
000986,全指能源
000105,380材料
000072,工业等权
000104,380能源
000917,300公用
000690,科创成长
000928,中证能源
000070,能源等权
000034,上证工业
000027,180运输
000025,180基建
000112,380电信
000916,300通信
000041,上证公用
000007,公用指数
000136,180低贝
000820,煤炭指数
000149,180红利
000937,800公用
000134,上证银行
000152,上央红利
000995,全指公用
000091,沪财中小
000079,公用等权
000970,ESG 40
000825,央企红利
000056,上证国企
000114,持续产业
000860,结构调整
000042,上证央企
000821,300红利
000129,180波动
000867,港中小企
000901,小康指数
000151,上国红利
000146,优势制造
000851,百发100
000131,上证高新
000697,科大湾区
000927,央企100
000936,800通信
000689,科创材料
000058,全指价值
000698,科创100
000869,HK银行
000029,180价值
000095,上证中游
000125,180稳定
000919,300价值
000118,380价值
000926,中证央企
000053,180基本
000699,科创200
000824,国企红利
000925,基本面50
000063,上证周期
000130,380波动
000994,全指通信
000040,上证电信
000158,上证环保
000139,上证转债
000055,上证地企
000098,上证F200
000044,上证中盘
000952,300地产
000100,上证F500
000832,中证转债
000109,380医药
000965,基本200
000945,内地运输
000021,180治理
000015,红利指数
000967,基本600
000019,治理指数
000054,上证海外
000002,Ａ股指数
000031,180R价值
000135,180高贝
000017,新综指
000004,工业指数
000099,上证F300
000051,180等权
000948,内地地产
000008,综合指数
000959,银河99
000046,上证中小
000910,300工业
000050,50等权
000060,全R价值
000116,信用100
000061,沪企债30
000923,公司债指
000846,ESG 100
000022,沪公司债
000930,800工业
000052,50基本
000170,50AH优选
000984,300等权
000113,380公用
000097,高端装备
000101,5年信用
000128,380基本
000856,500工业
000028,180成长
000006,地产指数
000057,全指成长
000067,上证新兴
000048,责任指数
000827,中证环保
000988,全指工业
000812,细分机械
000966,基本400
000078,电信等权
000076,金融等权
000922,中证红利
000142,380稳定
000047,上证全指
000137,380高贝
000090,上证流通
000138,380低贝
000855,央视500
000159,沪股通
000683,科创生物
000120,380R价值
000117,380成长
000038,上证金融
000907,中证700
000155,市值百强
000045,上证小盘
000110,380金融
000980,中证超大
000030,180R成长
000059,全R成长
000106,380工业
000998,中证TMT
000161,沪中国造
000020,中型综指
000982,500等权
000049,上证民企
000093,180分层
000828,300高贝
000075,医药等权
000902,中证流通
000971,等权90
000065,上证龙头
000018,180金融
000977,内地低碳
000043,超大盘
000681,科创价格
000853,CSSW丝路
000119,380R成长
000141,380动态
000171,新兴成指
000969,300非周
000115,380等权
000918,300成长
000685,科创芯片
000153,上民红利
000914,300金融
000865,上海国企
000064,非周期
000934,中证金融
000077,信息等权
000992,全指金融
000891,新兴综指
000974,800金融
000039,上证信息
000964,中证新兴
000941,新能源
000911,300可选
000802,500沪市
000695,科长三角
000915,300信息
000062,上证沪企
000847,腾讯济安
000121,医药主题
000935,中证信息
000005,商业指数
000993,全指信息
000123,180动态
000858,500信息
000808,医药生物
000682,科创信息
000978,医药100
000942,内地消费
000932,中证消费
000857,500医药
000150,380红利
000806,消费服务
000693,科创机械
000990,全指消费
000037,上证医药
000108,380消费
000111,380信息
000148,消费领先
000841,800医药
000147,优势消费
000989,全指可选
000991,全指医药
000103,沪消费品
000814,细分医药
000096,上证下游
000931,800可选
000933,中证医药
000815,细分食品
000863,CS精准医
000912,300消费
000035,上证可选
000913,300医药
000162,沪互联+
000691,科创ESG
000849,300非银
000069,消费80
000073,可选等权
000687,科创高装
000807,食品饮料
000126,消费50
000107,380可选
000074,消费等权
000036,上证消费
399232,采矿指数
987018,港股通创新药
487018,港股通创新药R
987019,港股通创新药（人民币）
487019,港股通创新药R（人民币）
483058,深港通电信服务R（港币）
483057,深港通电信服务R
983058,深港通电信服务（港币）
983057,深港通电信服务
480043,工业金属R
980043,工业金属
483080,深港通制药R（港币）
483079,深港通制药R
983080,深港通制药（港币）
983079,深港通制药
480035,化肥农药R
980035,化肥农药
399395,国证有色
483062,深港通基材R（港币）
483061,深港通基材R
983062,深港通基材（港币）
983061,深港通基材
399319,资源优势
483016,深港通材料R（港币）
483015,深港通材料R
399231,农林指数
983015,深港通材料
983016,深港通材料（港币）
399990,煤炭等权
399995,基建工程
399991,一带一路
399382,1000材料
399688,深成电信
470051,深证算力设施R
970051,深证算力设施
399617,深证消费
399704,深证上游
470070,创业板人工智能R
970070,创业板人工智能
399439,国证油气
399614,深证材料
483063,深港通化工R
483064,深港通化工R（港币）
483075,深港通传媒R
483076,深港通传媒R（港币）
399235,建筑指数
483030,深港通电信业务R（港币）
483029,深港通电信业务R
399669,深证农业
399637,深证地产
983075,深港通传媒
983076,深港通传媒（港币）
983063,深港通化工
983064,深港通化工（港币）
399621,深证电信
399681,深成材料
399389,国证通信
980082,央国企低碳科技
470076,深证绿色化工R
480047,文化创意R（港币）
399381,1000能源
399684,深成消费
399613,深证能源
480046,文化创意R
970076,深证绿色化工
480014,湾区医药R（港币）
480013,湾区医药R
399366,能源金属
980047,文化创意（港币）
399928,中证能源
980046,文化创意
483013,深港通能源R
483014,深港通能源R（港币）
399639,深证大宗
399814,大农业
399359,国证基建
980014,湾区医药（港币）
399318,国证Ｂ指
980013,湾区医药
487026,港股通新能源R
483023,深港通医药卫生R
970077,深证绿色建材
987026,港股通新能源
483024,深港通医药卫生R（港币）
987027,港股通新能源（人民币）
487027,港股通新能源R（人民币）
470077,深证绿色建材R
399410,苏州率先
399998,中证煤炭
399807,高铁产业
399357,环渤海
983023,深港通医药卫生
480073,生猪指数R
399983,地产等权
983024,深港通医药卫生（港币）
980048,国证建材
480048,国证建材R
980073,生猪指数
399390,1000公用
983013,深港通能源
983014,深港通能源（港币）
399429,新丝路
399241,地产指数
980092,自由现金流
399436,绿色煤炭
489009,新华ESG 50R
483034,深港通通信服务R（港币）
980081,价值100
399363,国证算力
399431,国证银行
983033,深港通通信服务
483033,深港通通信服务R
983034,深港通通信服务（港币）
399986,中证银行
399671,深防御50
399324,深证红利
399438,绿色电力
399435,国证农牧
399365,国证粮食
483052,深港通农牧渔R（港币）
399440,国证钢铁
399320,国证服务
470052,深证数字安全R
483051,深港通农牧渔R
983030,深港通电信业务（港币）
399234,水电指数
399974,国企改革
489016,红利价值R
983029,深港通电信业务
970052,深证数字安全
983052,深港通农牧渔（港币）
989009,新华ESG 50
399698,优势成长
983051,深港通农牧渔
399353,国证物流
399689,深成公用
983072,深港通房地产（港币）
483065,深港通食品饮料R
483066,深港通食品饮料R（港币）
399416,I300
399404,大盘低波
399901,小康指数
399375,中盘价值
480072,生物农业R
983066,深港通食品饮料（港币）
399406,中盘低波
983071,深港通房地产
399290,深转交债
983065,深港通食品饮料
980072,生物农业
487014,港股中盘R
483072,深港通房地产R（港币）
483071,深港通房地产R
399622,深证公用
487015,港股中盘R（人民币）
987014,港股中盘
483060,深港通生科R（港币）
980080,成长100
480069,蓝色100R(港币)
987015,港股中盘（人民币）
399648,深证GDP
483059,深港通生科R
480068,蓝色100R
480018,卫星通信R
483032,深港通公用事业R（港币）
399274,深新基建
399551,央视创新
980063,国证回购
983060,深港通生科（港币）
483031,深港通公用事业R
989016,红利价值
399407,中盘高贝
983082,深港通银行（港币）
483012,深港通绿色优选R(港币)
487020,内房股R
987020,内房股
983059,深港通生科
480532,国证青岛海洋R
399959,军工指数
399433,国证交运
487021,内房股R（人民币）
980017,国证芯片
980018,卫星通信
483050,深港通耐用消费R（港币）
399693,安防产业
987021,内房股（人民币）
483011,深港通绿色优选R
983081,深港通银行
483022,深港通主要消费R（港币）
480063,国证回购R
483021,深港通主要消费R
483049,深港通耐用消费R
399552,央视成长
399413,国证转债
983022,深港通主要消费（港币）
983021,深港通主要消费
483082,深港通银行R（港币）
483081,深港通银行R
399108,深证Ｂ指
480017,国证芯片R
399285,物联网50
399348,深证价值
983084,深港通内房股(港币)
399610,TMT50
483083,深港通内房股R
980056,价值因子
983049,深港通耐用消费
983050,深港通耐用消费（港币）
399307,深证转债
983083,深港通内房股
483084,深港通内房股R(港币)
470055,深证国企ESGR
489017,质量优势R
980069,蓝色100(港币)
980068,蓝色100
399660,中创EW
480056,价值因子R
399644,深证时钟
399315,巨潮中盘
399374,中盘成长
399679,深证200R
399292,民企发展
980532,国证青岛海洋
399661,深证低波
399335,深证央企
470064,深证国企股东回报R
399009,深证200
399965,800地产
970055,深证国企ESG
399635,创业板EW
399354,分析师指数
399646,深消费50
980029,新基建
480021,碳中和50R
399994,信息安全
483102,内地生物科技R(港币)
399321,国证红利
470060,深证ESG成长R
989017,质量优势
970064,深证国企股东回报
399371,国证价值
399399,中经GDP
483101,内地生物科技R
399633,深300EW
399373,大盘价值
489001,新华500R
399645,100低波
980021,碳中和50
399302,深公司债
399301,深信用债
983102,内地生物科技(港币)
399299,深信中低
399298,深信中高
399289,碳中和债
471002,中小地产R
399556,央视生态
399367,1000地产
983101,内地生物科技
399350,皖江30
399701,深证F60
399393,国证地产
399481,企债指数
399696,深证创投
970060,深证ESG成长
399326,成长40
399423,中关村50
399657,300绩效
987024,港股通消费
399672,深红利50
399663,中小低波
399238,餐饮指数
483056,深港通工业服务R（港币）
480006,GTCOM港股通100R（港币）
399903,中证100
399631,1000价值
399702,深证F120
971002,中小地产
399284,AI 50
399380,国证ETF
399703,深证F200
399379,国证基金
480005,GTCOM港股通100R
489015,智选策略100R
483055,深港通工业服务R
399422,中关村A
399317,国证Ａ指
480065,帮扶100R
399383,1000工业
399802,500深市
989001,新华500
971001,深成地产
983067,深港通半导体
399400,大中盘
983068,深港通半导体（港币）
989015,智选策略100
970043,新能装备
399368,国证军工
399249,综企指数
489008,新华ESG300R
483068,深港通半导体R（港币）
470043,新能装备R
399555,央视责任
483067,深港通半导体R
399649,中小红利
399103,乐富指数
983056,深港通工业服务（港币）
983055,深港通工业服务
399306,深证ETF
980083,央国企自主科技
399279,云科技50
399280,生物50
470037,深证高装R
480026,风光装备 R
399262,数字经济
399300,沪深300
470062,深红利300R
980059,航空出行
399656,100绩效
399408,小盘低波
399312,国证300
399311,国证1000
399659,深成指EW
399391,投资时钟
399313,巨潮100
480059,航空出行R
399314,巨潮大盘
399401,中小盘
399341,深证责任
471001,深成地产R
480024,南山50R(港币)
480023,南山50R
980024,南山50(港币)
399662,深证高贝
983012,深港通绿色优选(港币)
983011,深港通绿色优选
970035,深证光伏
399107,深证Ａ指
399411,红利100
399982,500等权
399278,长江100
470035,深证光伏R
399233,制造指数
980023,南山50
980065,帮扶100
399695,深证节能
980026,风光装备
399680,深成能源
983025,深港通金融
399369,国证责任
983026,深港通金融（港币）
480070,国证专利R
399344,深证300R
399377,小盘价值
399376,小盘成长
470072,深证民企价值R
399808,中证新能
399263,创业数字
483006,深港通综指R(港币)
487011,港股大中盘R（人民币）
483025,深港通金融R
483026,深港通金融R（港币）
487010,港股大中盘R
399013,深市精选
483005,深港通综指R
480028,龙头家电R
399705,深证中游
399554,央视治理
989008,新华ESG300
399905,中证 500
970062,深红利300
399628,700成长
399676,深医药EW
970072,深证民企价值
399694,创业高贝
399803,工业4.0
399604,中小价值
980070,国证专利
980052,绿色金融
399265,创新药械
489004,新华优选价值50R
399811,CSSW电子
980053,绿色金融（港币）
487003,港股通50R
399362,民企100
399358,国证环保
480053,绿色金融R（港币）
480052,绿色金融R
399011,深证1000
399378,ESG 300
470065,深证优质信披R
399706,深证下游
399666,中创高贝
399428,国证定增
980006,GTCOM港股通100（港币）
980005,GTCOM港股通100
487004,港股通50R（人民币）
487012,港股大盘R
399275,创医药
399015,中小创新
470067,深证专利R
399632,深100EW
399370,国证成长
487013,港股大盘R（人民币）
470026,深指ESGR
970048,新型显示
983006,深港通综指(港币)
983005,深港通综指
983032,深港通公用事业（港币）
399387,1000金融
970065,深证优质信披
970067,深证专利
983031,深港通公用事业
399418,数据要素
970037,深证高装
399310,国证A50
399303,国证2000
399914,300 金融
483090,深港通大湾区R(港币)
399972,300深市
399652,中创高新
470080,科技50R
980028,龙头家电
399634,中小等权
483089,深港通大湾区R
399973,中证国防
470048,新型显示R
399992,CSWD并购
489007,新华SHS新兴消费R(港币)
480058,绿色治理R
399328,深证治理
399392,国证新兴
470071,深证民企成长R
987022,港股通互联网
399101,中小综指
399388,1000信息
987010,港股大中盘
399364,消费100
399813,中证国安
489006,新华SHS新兴消费R
970026,深指ESG
399060,碳科技60
987011,港股大中盘（人民币）
399934,中证金融
970080,科技50
980057,动量因子
480057,动量因子R
980058,绿色治理
970042,新材料50
399658,中小绩效
399419,国证高铁
487016,港股通红利低波R
399852,中证1000
399333,中小100R
399665,中创低波
470033,100ESG增强R
483008,深港通100R(港币)
487001,港股50R
399244,公共指数
399260,先进制造
487017,港股通红利低波R（人民币）
399355,长三角
980031,国证白酒
487002,港股50R（人民币）
483092,深港通50R（港币）
399636,深证装备
483091,深港通50R
399261,创业制造
399402,周期100
399403,防御100
483070,深港通工业品R（港币）
399627,中创价值
470058,深证民企治理R
470042,新材料50R
483007,深港通100R
480030,消费电子R
399316,巨潮小盘
470027,100ESGR
399651,中小责任
399935,中证信息
399967,中证军工
970071,深证民企成长
983090,深港通大湾区(港币)
399010,深证700
980030,消费电子
399337,深证民营
483069,深港通工业品R
983089,深港通大湾区
399683,深成可选
970033,100ESG增强
970027,100ESG
987012,港股大盘
399372,大盘成长
483001,内地100R
399102,创业板综
483018,深港通工业R（港币）
399650,中小治理
483002,内地100R(港币)
399997,中证白酒
470032,深指ESG增强R
399623,中小基础
983044,深港通电脑硬件（港币）
970058,深证民企治理
399996,智能家居
399409,小盘高贝
399674,深A医药
399624,中创400
483017,深港通工业R
399412,国证新能
399687,深成信息
483044,深港通电脑硬件R（港币）
399611,中创100R
987013,港股大盘（人民币）
399625,中创500
483043,深港通电脑硬件R
983043,深港通电脑硬件
399602,中小成长
399322,国证治理
399630,1000成长
989004,新华优选价值50
399088,深创100
399641,深证新兴
399612,中创100
983069,深港通工业品
399620,深证信息
983070,深港通工业品（港币）
470053,深证数据要素R
399258,绿色低碳
399629,700价值
983008,深港通100(港币)
970032,深指ESG增强
983018,深港通工业（港币）
987017,港股通红利低波（人民币）
987016,港股通红利低波
470029,深指ESG领先R
983017,深港通工业
399297,新浪100
980150,单项冠军
399642,中小新兴
399282,大数据50
480027,新能源电池R
480004,湾区综指R(港币)
970039,创新材料
983104,内地医疗器械(港币)
983007,深港通100
987003,港股通50
399269,创质量
970029,深指ESG领先
480012,湾区服务R(港币)
399294,中小创Q
987004,港股通50（人民币）
399653,深证龙头
483104,内地医疗器械R(港币)
483103,内地医疗器械R
980012,湾区服务(港币)
480039,深圳高新R（港币）
480150,单项冠军R
980027,新能源电池
480038,深圳高新R
480003,湾区综指R
983103,内地医疗器械
480011,湾区服务R
470039,创新材料R
399352,深企综指
970074,深证智能穿戴
470030,100ESG领先R
980011,湾区服务
970053,深证数据要素
483086,深港通节能R(港币)
480008,湾区新兴R(港币)
399664,中小高贝
483028,深港通信息技术R（港币）
983092,深港通50（港币）
983028,深港通信息技术（港币）
483027,深港通信息技术R
983027,深港通信息技术
480071,机器人龙头R
483085,深港通节能R
980049,国证酒指
980004,湾区综指(港币)
983091,深港通50
480007,湾区新兴R
399237,运输指数
483077,深港通运输R
483078,深港通运输R（港币）
980003,湾区综指
399970,移动互联
970030,100ESG领先
983001,内地100
480033,自主科技R
983002,内地100(港币)
480002,湾创100R(港币)
470074,深证智能穿戴R
989007,新华SHS新兴消费(港币)
480001,湾创100R
483054,深港通非银R（港币）
989006,新华SHS新兴消费
399987,中证酒
983054,深港通非银（港币）
983053,深港通非银
399606,创业板R
470054,深证智能电网R
399415,I100
980007,湾区新兴
980002,湾创100(港币)
983078,深港通运输（港币）
983077,深港通运输
980039,深圳高新（港币）
480037,创新龙头R（港币）
399356,珠三角
483053,深港通非银R
399667,创业成长
470040,创业高装R
980008,湾区新兴(港币)
399615,深证工业
480009,湾区制造R
980001,湾创100
470006,创业板R(港币)(CNH)
480010,湾区制造R(港币)
399932,中证消费
980038,深圳高新
399360,新硬件
399339,深证科技
399677,深互联EW
480036,创新龙头R
471004,创业板战略科技R
399012,创业300
399697,中关村60
470007,创业板R(美元)(CNH)
970006,创业板指(港币)(CNH)
970007,创业板指(美元)(CNH)
480055,规模因子R
399405,大盘高贝
980037,创新龙头（港币）
399050,创新引擎
399608,科技100
399346,深证成长
980055,规模因子
980032,新能电池
470057,深证民企50R
980036,创新龙头
399397,国证文化
970054,深证智能电网
480032,新能电池R
399553,央视回报
399616,深证可选
980033,自主科技
980010,湾区制造(港币)
399976,CS新能车
987001,港股50
399640,创业基础
980009,湾区制造
489013,稀土产业链R
470059,深证民企科技R
970069,深证绿色制造
399236,批零指数
399277,公共健康
970036,深证储能
970057,深证民企50
399283,机器人50
987008,港股通科技
470069,深证绿色制造R
987002,港股50（人民币）
399682,深成工业
399351,创新示范
971004,创业板战略科技
970063,深证回购
470036,深证储能R
399296,创成长
399655,深证绩效
399016,深证创新
399385,1000消费
399626,中创成长
399670,深周期50
470063,深证回购R
399619,深证金融
399557,央视文化
399384,1000可选
399239,IT指数
399812,养老产业
989013,稀土产业链
980071,机器人龙头
970059,深证民企科技
470068,创业专利R
399638,深证环保
483048,深港通网络软件R（港币）
399809,保险主题
483047,深港通网络软件R
399017,SME创新
470050,深证卫星导航R
399643,创业新兴
480077,充电设施R
983048,深港通网络软件（港币）
970050,深证卫星导航
399654,深证文化
970040,创业高装
483003,内地科技50R
983047,深港通网络软件
983004,内地科技50(港币)
483004,内地科技50R(港币)
983086,深港通节能(港币)
970068,创业专利
983085,深港通节能
483020,深港通可选消费R（港币）
480016,医疗健康R
399675,深互联网
983003,内地科技50
470075,深证AIGCR
983020,深港通可选消费（港币）
970075,深证AIGC
399018,创业创新
483019,深港通可选消费R
987006,港股科技
983019,深港通可选消费
399806,环境治理
487006,港股科技R
980016,医疗健康
483035,深港通医疗R
470046,深证XR R
470056,深证民企ESGR
487007,港股科技R（人民币）
983036,深港通医疗（港币）
483036,深港通医疗R（港币）
987007,港股科技（人民币）
399240,金融指数
983035,深港通医疗
970046,深证XR
983010,深港通手机产业链(港币)
399394,国证医药
399291,创精选88
983009,深港通手机产业链
483010,深港通手机产业链R(港币)
399259,创业低碳
399933,中证医药
399686,深成金融
483009,深港通手机产业链R
399398,绩效指数
399286,区块链50
483160,低碳科技R
399386,1000医药
483161,低碳科技R(港币)
399281,电子50
970056,深证民企ESG
980077,充电设施
983160,低碳科技
983161,低碳科技(港币)
399417,新能源车
470034,创指ESG增强R
470038,生物经济R
399685,深成医药
470028,创指ESGR
399618,深证医药
399242,商务指数
399692,创业低波
399647,深医药50
970028,创指ESG
399434,数字传媒
980076,通用航空
480076,通用航空R
399971,中证传媒
483106,内地消费电子R(港币)
983106,内地消费电子(港币)
399266,创新能源
983105,内地消费电子
970038,生物经济
970034,创指ESG增强
480019,湾区海洋R
980020,湾区海洋(港币)
399396,国证食品
480020,湾区海洋R(港币)
980019,湾区海洋
483105,内地消费电子R
399913,300 医药
399361,在线消费
399993,CSWD生科
470031,创指ESG领先R
399420,国证保证
970031,创指ESG领先
470061,深证ESG价值R
483046,深港通消费服务R（港币）
483045,深港通消费服务R
483042,深港通服装纺织R（港币）
483041,深港通服装纺织R
983041,深港通服装纺织
983042,深港通服装纺织（港币）
983046,深港通消费服务（港币）
399975,证券公司
980022,机器人产业
399707,CSSW证券
399966,800非银
983045,深港通消费服务
480034,工业软件R
483088,深港通新能源车R(港币)
480075,数字交通R
399295,创价值
483087,深港通新能源车R
399030,碳科技30
399432,智能汽车
489011,青岛50R
399276,创科技
399248,文化指数
970061,深证ESG价值
980075,数字交通
399437,证券龙头
983088,深港通新能源车(港币)
399810,CSSW传媒
983087,深港通新能源车
470049,深证数字交通R
470047,数字文化R
989011,青岛50
970049,深证数字交通
399989,中证医疗
970047,数字文化
399678,深次新股
399668,创业板V
399264,创业软件
980034,工业软件
983074,深港通零售（港币）
399441,生物医药
983073,深港通零售
483074,深港通零售R（港币）
470041,创新消费R
483073,深港通零售R
970041,创新消费
399243,科研指数
399699,金融科技
483040,深港通汽车R（港币）
983040,深港通汽车（港币）
483039,深港通汽车R
983039,深港通汽车
483038,深港通食品零售R（港币）
483037,深港通食品零售R
983037,深港通食品零售
983038,深港通食品零售（港币）
480015,疫苗生科R
399805,互联金融
980015,疫苗生科
399804,中证体育
988201,湾创100R
988107,创业板R(美元)(CNH)
988106,创业板R(港币)(CNH)
988007,创业板指(美元)(CNH)
988006,创业板指(港币)(CNH)
489012,能源转型升级R
489010,长三角崛起城市R
489005,新华资源保障R
489003,新华精选成长50R
489002,新华区块链R
395099,总 成 交
395041,股票权证
395034,ABS
395033,债券现货
395032,债券回购
395015,REITS
395013,ＥＴＦｓ
395012,ＬＯＦｓ
395011,封闭基金
395006,创业板DR
395005,主板DR
395004,创业板
395002,主板Ｂ股
395001,主板Ａ股
931787,港股创新药
931250,港股通创新药
930965,港股通医药C
930975,港股通医药CCNY
CESHKB,中华香港生物科技
931238,SSH黄金股票
931892,有色矿业
H11031,AMAC采矿
H11059,工业有色
H30031,800有色
H50002,180材料
H50014,沪中部
930708,中证有色
H30047,AMAC木材
H11030,AMAC农林
H11057,石化产业
931271,通信设备主题
H11042,AMAC建筑
932078,全指材料行业
H30059,AMAC有色
932069,港股通医疗主题
930608,中证基建
931778,农牧主题
H50001,180能源
931248,油气资源
931009,建筑材料
H30251,500原料
932037,央企现代能源
931160,通信设备
932049,国新港股通央企综指
H30053,AMAC化学
931581,周期稳健成长50
H50011,沪环渤海
932077,全指能源行业
H50034,沪城基建
931722,国新港股通央企红利
H30049,AMAC造纸
931752,工程机械主题
H30198,油气产业
H50010,180公用
H50003,180工业
930632,CS稀金属
H50022,沪材料红
932335,香港红利净收益
000861,央企创新
931233,港股通央企红利
931144,通信技术
H11041,AMAC公用
H30052,AMAC石化
H50023,沪工业红
930662,CS现代农
930910,农牧渔
931823,国资央企50
H30359,转型成长
931994,电网设备主题
930606,中证钢铁
H30022,800银行
930839,港股通高息精选
H50052,上国改革
000859,国企一带一路
931079,5G通信
932039,央企股东回报
H30199,电力指数
931039,银行AH
H30056,AMAC橡胶
931231,央企红利50
931897,绿色电力
930707,中证畜牧
H50027,沪金融红
932004,国新央企综指
931580,SHS游戏传媒
930723,沪港深F100
931157,SHS红利成长LV
931469,云计算50
H30366,高息策略
H30058,AMAC钢铁
932366,300现金流
930734,360互联+
932086,全指公用行业
H30057,AMAC矿物
930746,港中小企
932085,全指通信行业
931186,中证科技
932368,800现金流
931235,中证电信
931409,SHS创新药
SHHKSI,沪港精明
H30373,百发100
H11140,香港红利
H30531,精工制造
931406,5G 50
950253,国新科创国企
931372,浙江国资
950161,科创新药
950333,智选创新价值
930792,HK银行
H50042,上红价值
932365,中证现金流
932052,央企科技创新
931755,SEEE碳中和
931381,中证长三角
H50040,上红低波
930937,稳健成长
930740,300红利低波
H30270,红利价值
931132,诚通央企红利
931069,中金300
950092,上证180优选
931446,东证红利低波
932087,集成电路
932056,海洋经济
950180,科创AI
931842,半导体15USD
931404,SHS品牌消费50
H11153,内地国有
H50030,沪公用红
CESCPD,中华内房股
931526,企业核心竞争力50
931243,诚通央企ESG
H11047,AMAC地产
H11043,AMAC交运
931793,半导体15
931743,半导体材料设备
H11120,香港中盘精选
H30171,运输指数
H30007,芯片产业
930713,CS人工智
CES280,中华280
H30404,300日报酬反向
931078,中证转债及可交换债
931586,300价值稳健
930851,云计算
931258,东证价值
H30535,互联网
H50021,沪能源红
H30083,300反向
H30269,红利低波
930902,中证数据
H30184,半导体
H30042,AMAC食品
931696,科技50策略
932258,亚洲新兴市场科技USD
931865,中证半导
932419,国新国企航空航天
H30537,淘金100
H30362,基本300
H11143,港股通内地地产
931477,华夏银行ESG
932042,智选航空科技
931840,大盘蓝筹25USD
931228,亚洲新兴市场科技
931476,ESG 120策略
930738,四川国改
H30356,800价值
931790,中韩半导体
931133,经济蓝筹
950125,科创半导体材料设备
931848,800红利低波
931088,180 ESG
950090,50AH优选
932308,红利200
931687,证券时报价值100
990001,中华半导体芯片
930927,CR基石
931791,大盘蓝筹25
931589,300成长创新
930716,CS物流
H50031,沪绿色城
931159,创新100
H00012,国债指数(净)
H30054,AMAC医药
H11110,香港F50
H30463,沪港深500医药
H11080,HGSZ AAA
H30124,安中动态
931167,先进制造100
H11085,HGSZ 5-7
H30252,500工业
931087,科技龙头
H11084,HGSZ 3-5
H11082,HGSZ AA
H11081,HGSZ AA+
H11083,HGSZ 1-3
H30066,AMAC电子
931554,长江保护
931023,北京50
H11086,HGSZ7-10
931598,中银证券300 ESG
931071,人工智能
931788,中韩50
H50046,180反向
H00013,企债指数(净)
950106,上证创新
931066,军工龙头
930782,500SNLV
H50047,180反两
930917,SHS高股息
931522,央企新动能
H30055,AMAC化纤
931375,300质量低波
H50045,180两倍
931259,转债流动性策略
H50009,180通信
931529,国企数字经济
930715,CS朝阳88
931470,SHS云计算
931559,苏银理财长三角
H11054,装备产业
H11121,富国多空
932359,国新国企人工智能
932046,建行科技（长三角）
933000,沪深300(净)HKD(CNH)
930767,沪深300优选
931775,房地产
931672,风电产业
932022,中证红利(全)SGD
H30597,新材料
931834,华福福建100
H50013,沪珠三角
930914,港股通高股息
930915,港股通高股息CNY
932306,战略新兴100
930850,智能制造
704843,MSCI中国A股国际
H30106,H300金融服务
930633,中证旅游
931142,东证竞争
716567,MSCI中国A股国际通
932023,中证红利(净)SGD
931837,央企现代产业
H11050,AMAC综企
931382,智选300 ESG领先
931695,成渝经济圈
950049,G60成指
930748,沪深300USD
931053,高股息策略
932066,半导体行业精选
930955,红利低波100
931478,苏州绿色发展
931052,国信价值
930621,CSSW高铁
H30318,科技传媒通信150
133333,MSCIA指数
932266,国企战略新兴
931647,兴银理财均衡300
930749,沪深300USD(CNH)
931798,光伏龙头30
932047,中证REITs全收益
932038,央企科技引领
932315,中证红利质量
931718,高端造质量成长50
930903,中证A股
931151,光伏产业
932079,全指工业行业
931463,300 ESG
H50026,沪医药红
932263,苏州园区
H50037,上证城镇
930599,中证高装
932257,国新央企小盘
930712,CS物联网
930614,环保50
932076,全指地产
931725,中华联合优质成长
931648,500 ESG
931187,科技100
H50039,上证TMT
H30352,500价值
H30363,基本500
H50012,沪长三角
931698,医药50策略
H50017,沪信息业
931733,绿色能源
931772,碳中和60
931652,厦门指数
931593,科技领先
931461,电子50
931395,沪港深300
932021,中证红利SGD
H30455,沪港深500
930620,CSSW丝路
H50007,180金融地产
CESA80,中华 A80
931495,工业互联
H30065,AMAC电气
931521,高装细分50
H50019,上红回报
950081,180碳效
H30372,中证安全
931442,SHS科技100
H30064,AMAC运输
932222,中证2000净收益
931359,沪深300AUD(CNH)
950082,上海改革
H30403,300日报酬两倍
H30082,300两倍
930875,空天军工
931588,1000价值稳健
930882,CS珠三角
CES300,中华沪深港300
930930,港股综合
H50069,港股通
932075,全指金融
931134,AH经济蓝筹
H50008,180信息
H30062,AMAC专用
931067,绩优策略
930939,500质量成长
931799,国寿资产ESG绿色低碳1
931141,CS长三角
931468,红利质量
950096,上海国企
931802,中证龙头
930938,500成长估值
930652,CS电子
H50032,沪城交通
932083,全指金融行业
930820,CS高端制
950107,380创新
CES100,中华港股通精选100
931465,300 ESG领先
H11046,AMAC金融
931380,科技50
H30086,800金融
930641,中证中药
930640,CSWD重组
H50004,180可选
932217,制药指数
931268,持续发展
H11146,港股通内地金融
931481,SHS线上消费
H50055,沪大农业
930838,CS高股息
930697,家用电器
932420,智选船舶产业
930622,CSSW白酒
931590,500成长创新
H30263,腾讯济安
950162,科创芯片设计
932216,香港100净收益
931393,湖北指数
H11164,香港300
930957,港股通中国100
931582,数字经济
932084,全指信息行业
931440,创新药30
H30043,AMAC饮料
931165,新兴科技100
930931,港股通50
H50038,沪智慧城
H30039,AMAC公共
931746,储能产业
931596,SHS张江50
H30257,500信息
931599,湖南50
930598,稀土产业
CESP50,中华港股通优选50
932305,智选高股息
931021,家电龙头
930648,CS智消费
H11045,AMAC批零
930758,凤凰50
930999,SHS大湾区
H30205,饮料指数
H11044,AMAC信息
931487,SHS人工智能50
931573,港股通科技
H11100,香港100
931877,科创创业50净收益
H50036,上证军工
H11136,中国互联网
931579,东证优势成长
931357,优选消费50
931494,消费电子
930651,CS计算机
931594,卫星产业
931575,SHS物联网
CES120,中华120
931719,CS电池
931643,科创创业50
H30552,沪港深通TMT
H50053,上证移动
H30255,500医药
931591,1000成长创新
931027,港股通大消费
930997,新能源车
931403,品牌工程
931234,长三角示范区50
931585,卫星导航
931789,中韩新能车
931866,中证机床
931000,大湾区
H30332,香港50
932307,中国互联网人民币中间
H50035,沪智交通
931008,汽车指数
H30037,AMAC商务
931447,科技先锋
932082,全指医药行业
931073,CSIHK1
930791,CS医药TI
H30344,健康产业
H50020,上红潜力
930928,CR新动能
931166,医药健康100
931583,SHS数字经济
931587,500价值稳健
931163,浙江100
H11123,香港内地50
931852,每经品牌100
931139,CS消费50
931074,CSIHK2
931247,中证信创
930701,CS京津冀
H30089,红利潜力
932081,全指消费行业
931075,CSIHK3
931136,深圳科技
CESHKM,中华香港内地指数
930625,SHS互联网
H50016,沪东北
931524,SHS科技龙头
H30067,AMAC仪表
930601,中证软件
931033,杭州湾区
931076,CSIHK4
931574,港股科技
930725,CS车联网
H30182,计算机
931455,港股通消费CNY
930719,CS精准医
H30041,AMAC农副
931454,港股通消费
930653,CS食品饮
931140,医药50
H30063,AMAC汽车
931077,CSIHK5
931456,中国教育
930661,CSSW互金
H11152,内地民营
932080,全指可选行业
931697,消费50策略
931480,线上消费
930726,CS生医
H30365,文娱传媒
H11049,AMAC文体
H30015,800汽车
932068,长寿经济
H11052,智能电车
930629,CSSW健康
H50024,沪可选红
931479,证券保险
931523,SHS动漫游戏
931152,CS创新药
930743,中证生科
950105,上证证券
930604,中国互联网30
H30590,机器人
H30040,AMAC社会
930709,香港证券
931028,港股通非银CNY
931024,港股通非银
H30048,AMAC家具
H30094,消费红利
H30038,AMAC科技
931239,港股通汽车
930781,中证影视
930821,中证VR
931841,新能车15USD
931412,证券公司30
931484,CS医药创新
H30036,AMAC餐饮
930796,全球中国互联网
931792,新能车15
931402,证券先锋
930721,CS智汽车
H30178,医疗保健
H30588,中证证保
H30060,AMAC金属
H30061,AMAC通用
H30217,医疗器械
H30035,300非银
H50006,180医药
H30533,中国互联网50
931072,全球中国互联网HKD
H30045,AMAC服装
931232,朝阳100
931663,SHS消费龙头
H50018,上证文化
H11144,HKT内地消费
931637,港股通互联网
H30044,AMAC纺织
H30050,AMAC印刷
H30046,AMAC皮革
930790,CS娱乐TI
H30202,软件指数
931068,消费龙头
H50033,沪城消费
H50015,沪西部
932094,软件开发
931646,SHS新消费
H50005,180消费
931230,汽车零部件
930901,动漫游戏
H50029,沪通信红
931992,疫苗生物
H50028,沪信息红
H50025,沪消费红
H50054,上证休闲
930660,CSSW体育
930720,CS互医疗
CESG10,中华博彩指数
930986,金融科技
H30051,AMAC文教
